,child_sex,word,freq
0,male,second,364
1,male,heart,94
2,male,Robin,44
3,male,oh,6572
4,male,!,2963
5,male,duck,102
6,male,Johnnie,21
7,male,smooth,54
8,male,fill,24
9,male,dogs,53
10,male,kicked,22
11,male,wonderful,55
12,male,hundred,26
13,male,California,31
14,male,pushed,24
15,male,small,77
16,male,snow,80
17,male,hide,72
18,male,across,43
19,male,village,23
20,male,whoa,33
21,male,measure,23
22,male,shake,43
23,male,laugh,39
24,male,answer,61
25,male,Vadar,29
26,male,tag,37
27,male,mean,1275
28,male,cookies,221
29,male,pipe,65
30,male,still,467
31,male,any,904
32,male,doing,923
33,male,tv,268
34,male,live,148
35,male,rain,55
36,male,crash,56
37,male,for,3167
38,male,trouble,120
39,male,practice,26
40,male,Marky's,210
41,male,important,29
42,male,long,375
43,male,life,28
44,male,picked,62
45,male,sandwich,103
46,male,you're,2863
47,male,five,369
48,male,cut,366
49,male,olds,34
50,male,trying,210
51,male,friends,188
52,male,wash,242
53,male,choke,175
54,male,ninight,119
55,male,basket,116
56,male,bees,38
57,male,kick,139
58,male,crackers,51
59,male,this,5003
60,male,lover,20
61,male,drinking,39
62,male,thinks,44
63,male,milk,615
64,male,reasons,32
65,male,Yoda,46
66,male,castle,21
67,male,another,806
68,male,time,982
69,male,highchair,100
70,male,truck,174
71,male,found,147
72,male,bandaid,22
73,male,belly,23
74,male,gave,127
75,male,in,6848
76,male,bunny,33
77,male,years,69
78,male,hyena,31
79,male,plenty,36
80,male,presents,48
81,male,snakes,35
82,male,down,2137
83,male,ding,33
84,male,Hungary,35
85,male,nothing,162
86,male,stupid,31
87,male,lemme,40
88,male,byebye,87
89,male,gym,21
90,male,program,29
91,male,orange,188
92,male,four,295
93,male,snake,136
94,male,wasn't,263
95,male,set,151
96,male,almost,242
97,male,week,112
98,male,cups,45
99,male,died,74
100,male,ummhm,218
101,male,ointment,21
102,male,they've,22
103,male,desk,40
104,male,ago,79
105,male,covers,24
106,male,one's,111
107,male,we're,826
108,male,catch,142
109,male,rug,33
110,male,tail,30
111,male,buddy,72
112,male,the,22081
113,male,there,5127
114,male,boxes,26
115,male,hand,370
116,male,wine,34
117,male,ow,34
118,male,strange,23
119,male,s,60
120,male,fur,25
121,male,huggie,21
122,male,knot,29
123,male,Dabee,36
124,male,beer,50
125,male,am,233
126,male,uhoh,65
127,male,honk,30
128,male,need,627
129,male,Teddy,70
130,male,squeak,65
131,male,draw,120
132,male,nah,27
133,male,finish,218
134,male,dollar,37
135,male,mom,70
136,male,comb,28
137,male,trucks,35
138,male,probably,165
139,male,Superman,21
140,male,don't,5326
141,male,kneel,37
142,male,syrup,72
143,male,their,324
144,male,turn,837
145,male,share,58
146,male,mistake,87
147,male,closet,37
148,male,pig,44
149,male,upon,38
150,male,showing,26
151,male,ate,188
152,male,king,94
153,male,rule,26
154,male,ship,54
155,male,medicine,166
156,male,a_lot,47
157,male,knight,20
158,male,lights,88
159,male,rock,91
160,male,elbows,40
161,male,Brussels,31
162,male,beads,26
163,male,move,331
164,male,soon,160
165,male,gas,59
166,male,hate,64
167,male,too,1750
168,male,Jimmy,29
169,male,days,102
170,male,them,2180
171,male,Edna,23
172,male,water,662
173,male,your,7147
174,male,should,601
175,male,eeat,38
176,male,played,79
177,male,kiss,431
178,male,they're,836
179,male,outside,306
180,male,spoon,227
181,male,bark,99
182,male,hair,304
183,male,example,22
184,male,football,33
185,male,round,43
186,male,gold,31
187,male,throwing,32
188,male,Japan,22
189,male,breath,21
190,male,bank,27
191,male,easy,125
192,male,dishes,50
193,male,page,59
194,male,Brian,80
195,male,we'd,60
196,male,course,89
197,male,working,82
198,male,Flintstones,29
199,male,fruit,21
200,male,noodle,30
201,male,tiger,70
202,male,better,675
203,male,sorry,221
204,male,missing,39
205,male,wait,630
206,male,strawberry,56
207,male,mwuh,53
208,male,pudding,59
209,male,excuse,46
210,male,ready,769
211,male,breakfast,276
212,male,had,719
213,male,crazy,63
214,male,King,49
215,male,eats,32
216,male,where,2401
217,male,grab,68
218,male,screwdriver,40
219,male,group,44
220,male,say,2695
221,male,haha,47
222,male,"""/.",1140
223,male,feather,33
224,male,splash,26
225,male,toast,134
226,male,yell,58
227,male,pajamas,29
228,male,jumped,97
229,male,yup,67
230,male,talking,266
231,male,helping,35
232,male,sprouts,34
233,male,yuck,32
234,male,headache,31
235,male,as_soon_as,39
236,male,enough,254
237,male,turkey,99
238,male,milkshake,24
239,male,zoo,91
240,male,fighting,27
241,male,expensive,20
242,male,balls,24
243,male,tight,75
244,male,eat,1608
245,male,most,76
246,male,seems,26
247,male,call,291
248,male,late,96
249,male,yelling,20
250,male,you've,255
251,male,disco,24
252,male,camping,32
253,male,decide,35
254,male,said,1466
255,male,works,71
256,male,jump,358
257,male,Brendon,30
258,male,hits,21
259,male,people,572
260,male,which,524
261,male,maybe,798
262,male,scale,24
263,male,babies,58
264,male,asking,28
265,male,steps,36
266,male,squirt,39
267,male,lots_of,78
268,male,blew,22
269,male,stops,36
270,male,pulling,46
271,male,remember,554
272,male,please,322
273,male,doctor,117
274,male,chopped,21
275,male,blocks,105
276,male,came,277
277,male,dinner,199
278,male,sir,21
279,male,da_who,35
280,male,old,387
281,male,get,4478
282,male,case,39
283,male,violent,38
284,male,sad,86
285,male,wish,98
286,male,green,116
287,male,park,87
288,male,himself,46
289,male,middle,71
290,male,rough,60
291,male,understand,186
292,male,camera,33
293,male,button,108
294,male,nickel,31
295,male,hm,634
296,male,happening,39
297,male,sees,22
298,male,sort,78
299,male,plastic,43
300,male,straight,83
301,male,taught,42
302,male,no-no,194
303,male,store,233
304,male,also,88
305,male,sounds,117
306,male,cats,35
307,male,wouldn't,221
308,male,next,406
309,male,kid,58
310,male,bye,110
311,male,lightning,22
312,male,David,78
313,male,months,38
314,male,sit,516
315,male,taperecorder,99
316,male,they,3805
317,male,sugar,111
318,male,year,108
319,male,it,18476
320,male,alive,43
321,male,Hungarian,46
322,male,infinity,46
323,male,moomilk,39
324,male,.,101813
325,male,first,626
326,male,fox,20
327,male,reach,70
328,male,puzzle,50
329,male,cemetery,51
330,male,raisins,91
331,male,cause,211
332,male,Grandpa,45
333,male,sister,59
334,male,best,161
335,male,crawl,44
336,male,eighteen,28
337,male,underoos,45
338,male,computer,44
339,male,pulled,27
340,male,that'll,66
341,male,she,1209
342,male,so_that,67
343,male,hope,129
344,male,ugly,23
345,male,Chi,199
346,male,McDonald's,20
347,male,unhunh,21
348,male,downstairs,97
349,male,seven,158
350,male,got,2241
351,male,nuhhuh,34
352,male,rip,26
353,male,french,28
354,male,music,58
355,male,hungry,154
356,male,other,936
357,male,than,248
358,male,me,4834
359,male,sock,59
360,male,brother,152
361,male,tree,368
362,male,lady,66
363,male,woman,22
364,male,Batman,37
365,male,last,335
366,male,half,99
367,male,He_Man,35
368,male,engine,32
369,male,teeth,199
370,male,these,797
371,male,peanuts,21
372,male,boat,143
373,male,telling,98
374,male,where's,482
375,male,bike,35
376,male,lie,81
377,male,horse,146
378,male,uhhuh,1209
379,male,there's,827
380,male,arm,60
381,male,fine,106
382,male,bedroom,29
383,male,num,31
384,male,useta,115
385,male,thought,367
386,male,register,37
387,male,Wan,23
388,male,stone,63
389,male,type,42
390,male,from,676
391,male,upstairs,100
392,male,grapes,25
393,male,somewhere,40
394,male,oops,118
395,male,hill,33
396,male,puts,24
397,male,books,76
398,male,some,2354
399,male,how'd,20
400,male,together,267
401,male,not,3985
402,male,start,192
403,male,e,35
404,male,apple,159
405,male,tall,35
406,male,off,1247
407,male,cracker,21
408,male,toys,335
409,male,glue,22
410,male,brought,50
411,male,pick,345
412,male,ouch,39
413,male,sposta,154
414,male,couple,80
415,male,goose,31
416,male,promise,51
417,male,teasing,33
418,male,close,408
419,male,toy,88
420,male,dump,41
421,male,hear,498
422,male,matter,91
423,male,stage,25
424,male,Honey,144
425,male,doggies,35
426,male,falling,56
427,male,empty,64
428,male,exactly,25
429,male,extra,35
430,male,giant,42
431,male,farm,35
432,male,it's,2990
433,male,wipe,102
434,male,poppop,27
435,male,problems,24
436,male,numbers,33
437,male,toilet,24
438,male,eleven,27
439,male,forty,28
440,male,balloons,29
441,male,pour,65
442,male,tea,79
443,male,Spiderman,27
444,male,boots,36
445,male,terrible,59
446,male,earth,33
447,male,tomatoes,21
448,male,guy,395
449,male,em,233
450,male,movie,170
451,male,anymore,232
452,male,sky,40
453,male,only,336
454,male,tastes,35
455,male,piece,185
456,male,cards,32
457,male,know,3818
458,male,Ross,2899
459,male,minutes,49
460,male,wolf,27
461,male,men,51
462,male,find,455
463,male,policeman,91
464,male,dum,35
465,male,costs,25
466,male,that'd,25
467,male,today,585
468,male,nuuw,38
469,male,road,112
470,male,up,4058
471,male,garden,25
472,male,at,2081
473,male,bubba,21
474,male,rabbit,83
475,male,mail,26
476,male,clap,27
477,male,bear,216
478,male,ring,96
479,male,line,57
480,male,Tom,25
481,male,seem,20
482,male,reading,64
483,male,sexy,27
484,male,refrigerator,197
485,male,you'll,327
486,male,spank,66
487,male,Ewok,37
488,male,Mister,29
489,male,Falcon,22
490,male,Russia,22
491,male,Sean,23
492,male,Mickey,29
493,male,pau,29
494,male,microphone,84
495,male,worked,37
496,male,block,36
497,male,fire,143
498,male,night,328
499,male,Mark's,20
500,male,makes,220
501,male,glad,66
502,male,bathtub,24
503,male,something,807
504,male,press,51
505,male,why,2572
506,male,send,40
507,male,whether,32
508,male,way,887
509,male,sometimes,161
510,male,mother,67
511,male,food,337
512,male,carry,40
513,male,gun,111
514,male,Eddie,28
515,male,horn,36
516,male,mimi,25
517,male,rather,30
518,male,over,1313
519,male,nope,108
520,male,gets,194
521,male,tower,50
522,male,wife,29
523,male,cloud,32
524,male,flat,40
525,male,budleyleys,26
526,male,body,73
527,male,giving,35
528,male,‡,3133
529,male,jumping,61
530,male,new,325
531,male,he,5431
532,male,won't,501
533,male,I,13624
534,male,Guy,36
535,male,bang,103
536,male,square,24
537,male,glasses,50
538,male,fit,100
539,male,animal,86
540,male,that,11713
541,male,kinda,52
542,male,true,166
543,male,fish,194
544,male,times,82
545,male,miss,39
546,male,keep,325
547,male,train,64
548,male,melts,21
549,male,until,193
550,male,sun,79
551,male,bottom,158
552,male,corner,43
553,male,went,700
554,male,honey,381
555,male,Texas,37
556,male,olives,21
557,male,land,57
558,male,everybody,185
559,male,circle,22
560,male,didldow,81
561,male,bit,342
562,male,try,516
563,male,Pink,31
564,male,carriage,33
565,male,wore,35
566,male,hot,309
567,male,smiling,21
568,male,June,22
569,male,pull,363
570,male,C_three_P_O,25
571,male,every,124
572,male,mhm,872
573,male,sand,38
574,male,take,1624
575,male,fair,42
576,male,„,864
577,male,though,233
578,male,wheels,90
579,male,away,620
580,male,who's,418
581,male,chocolate,289
582,male,tickle,104
583,male,likes,107
584,male,rice,26
585,male,machines,39
586,male,someone,56
587,male,finished,196
588,male,dreams,25
589,male,Star,75
590,male,closed,82
591,male,parents,37
592,male,television,27
593,male,mountain,26
594,male,witch,57
595,male,ideas,51
596,male,feeling,47
597,male,anywhere,25
598,male,door,353
599,male,plan,21
600,male,mix,29
601,male,tire,127
602,male,riding,21
603,male,very,979
604,male,wear,131
605,male,mommy,250
606,male,hello,111
607,male,lap,43
608,male,learn,187
609,male,Mrs,38
610,male,asleep,37
611,male,must,184
612,male,pot,26
613,male,stump,20
614,male,hitting,36
615,male,disappeared,25
616,male,ho,26
617,male,anything,363
618,male,sound,133
619,male,ta,55
620,male,tape,734
621,male,grape,21
622,male,sticky,30
623,male,uncle,24
624,male,Bro,51
625,male,crying,77
626,male,tighter,21
627,male,hour,54
628,male,own,116
629,male,either,133
630,male,nine,162
631,male,think,2707
632,male,then,2628
633,male,hasta,121
634,male,napkin,25
635,male,point,31
636,male,ntuu,29
637,male,blows,24
638,male,indian,39
639,male,sing,107
640,male,Jedi,104
641,male,looking,160
642,male,cream,142
643,male,walk,407
644,male,gone,149
645,male,is,11867
646,male,made,499
647,male,penny,82
648,male,angry,21
649,male,bus,196
650,male,change,113
651,male,number,210
652,male,lick,32
653,male,eating,212
654,male,pop,49
655,male,read,376
656,male,special,108
657,male,picture,195
658,male,left,132
659,male,chin,29
660,male,bag,123
661,male,didn't,1121
662,male,belt,50
663,male,high,129
664,male,boy,1012
665,male,shelf,31
666,male,bites,22
667,male,jo,21
668,male,throw,555
669,male,uhuh,282
670,male,chickens,30
671,male,turtle,67
672,male,sign,28
673,male,upset,20
674,male,m,43
675,male,buy,266
676,male,river,38
677,male,words,294
678,male,hurts,76
679,male,leaves,115
680,male,jack,35
681,male,somebody's,22
682,male,arms,89
683,male,win,36
684,male,spinners,21
685,male,we,5508
686,male,bite,516
687,male,sea,21
688,male,school,645
689,male,cash,43
690,male,monkey,147
691,male,pretending,33
692,male,end,236
693,male,pussy,50
694,male,sleep,261
695,male,tummy,163
696,male,diapers,43
697,male,cows,32
698,male,Sunday,38
699,male,weird,27
700,male,welcome,137
701,male,hum,85
702,male,coughs,26
703,male,Rossy,89
704,male,bagels,51
705,male,arrow,24
706,male,shirt,160
707,male,barn,37
708,male,clean,127
709,male,eyes,139
710,male,everyone,39
711,male,Miss,25
712,male,hanging,37
713,male,shall,58
714,male,tires,22
715,male,dog,175
716,male,station,26
717,male,opened,34
718,male,spit,27
719,male,present,77
720,male,have,4251
721,male,toes,21
722,male,soup,57
723,male,Halloween,43
724,male,haunted,20
725,male,hippo,54
726,male,changed,27
727,male,fat,71
728,male,thing,515
729,male,couldn't,136
730,male,each_other,39
731,male,problem,103
732,male,was,3281
733,male,looked,58
734,male,turned,133
735,male,regular,23
736,male,d,22
737,male,burn,32
738,male,brown,28
739,male,called,351
740,male,twenty,75
741,male,nuts,21
742,male,picnic,20
743,male,boys,325
744,male,after,453
745,male,Sandra,27
746,male,names,119
747,male,song,78
748,male,cartoons,47
749,male,cup,292
750,male,spaghetti,33
751,male,questions,27
752,male,whoops,74
753,male,out,1693
754,male,beach,77
755,male,even,363
756,male,goodbye,33
757,male,mustache,55
758,male,playing,218
759,male,he'll,93
760,male,yellow,141
761,male,Daddy'll,39
762,male,sleepy,27
763,male,tikatika,20
764,male,donkey,28
765,male,teacher,58
766,male,few,44
767,male,geese,67
768,male,telephone,47
769,male,oven,20
770,male,would,1643
771,male,pieces,95
772,male,floor,218
773,male,screws,20
774,male,under,135
775,male,we've,63
776,male,show,517
777,male,driver,20
778,male,dirty,132
779,male,bagel,28
780,male,clock,101
781,male,doors,26
782,male,wants,318
783,male,who,1340
784,male,taste,96
785,male,excellent,20
786,male,done,392
787,male,anyone,22
788,male,name,626
789,male,egg,78
790,male,hulk,29
791,male,thunder,32
792,male,noise,80
793,male,deal,109
794,male,sticks,21
795,male,horsie,54
796,male,b,48
797,male,saying,252
798,male,what,13488
799,male,John,52
800,male,idea,393
801,male,suit,34
802,male,crumbs,42
803,male,yet,280
804,male,pie,43
805,male,add,45
806,male,toot,83
807,male,monsters,30
808,male,yours,168
809,male,knife,49
810,male,I'm,2759
811,male,tough,21
812,male,knees,21
813,male,did,5220
814,male,drank,48
815,male,rocking,62
816,male,reached,23
817,male,man,251
818,male,/.,495
819,male,record,71
820,male,ya,522
821,male,brush,139
822,male,lion,78
823,male,catching,26
824,male,ah,312
825,male,run,151
826,male,smart,173
827,male,street,93
828,male,feel,396
829,male,meant,63
830,male,wrestle,20
831,male,ears,57
832,male,broken,110
833,male,threw,54
834,male,hamburger,23
835,male,knocked,37
836,male,penguins,20
837,male,seat,63
838,male,clever,25
839,male,be,2609
840,male,nail,23
841,male,budleyley,23
842,male,hadn't,20
843,male,tonight,193
844,male,back,1676
845,male,badji,87
846,male,truth,22
847,male,roll,81
848,male,aspirin,31
849,male,looks,330
850,male,o,109
851,male,keys,108
852,male,hit,261
853,male,aren't,247
854,male,like,3699
855,male,girls,93
856,male,bum,20
857,male,Albuquerque,43
858,male,bowl,83
859,male,summer,53
860,male,Jenny,38
861,male,drawer,72
862,male,beep,49
863,male,morning,311
864,male,splat,28
865,male,soft,24
866,male,cheese,118
867,male,talk,650
868,male,eggs,121
869,male,vegetables,44
870,male,lets,37
871,male,head,477
872,male,bet,139
873,male,handle,23
874,male,fixed,78
875,male,roots,24
876,male,chop,24
877,male,pants,105
878,male,army,39
879,male,tapes,60
880,male,brothers,48
881,male,floppy,53
882,male,daddy,374
883,male,you,36929
884,male,meat,136
885,male,alligator,39
886,male,plate,79
887,male,garbage,55
888,male,to,12244
889,male,fingers,91
890,male,game,204
891,male,pee,96
892,male,oop,59
893,male,kill,60
894,male,sauce,43
895,male,face,165
896,male,carpet,33
897,male,scared,59
898,male,bathroom,67
899,male,things,588
900,male,Empire,41
901,male,snap,57
902,male,puppy,39
903,male,young,32
904,male,certainly,31
905,male,spin,21
906,male,care,64
907,male,cabinet,25
908,male,corn,28
909,male,takes,49
910,male,see,4137
911,male,kissed,22
912,male,can,4340
913,male,deep,31
914,male,goes,548
915,male,let's,1215
916,male,break,129
917,male,fourth,34
918,male,means,325
919,male,dizzy,23
920,male,phone,114
921,male,ahead,369
922,male,supper,108
923,male,moving,101
924,male,smell,36
925,male,feet,194
926,male,forgot,148
927,male,coke,33
928,male,afraid,76
929,male,that's,4454
930,male,dressed,99
931,male,devil,41
932,male,recorder,404
933,male,shot,52
934,male,instructions,31
935,male,pennies,29
936,male,flying,40
937,male,Santa,95
938,male,gotta,183
939,male,weeks,24
940,male,around,477
941,male,purple,31
942,male,pretend,123
943,male,sense,42
944,male,missed,63
945,male,little,2509
946,male,many,459
947,male,surprise,60
948,male,front,158
949,male,Triclops,23
950,male,happen,243
951,male,jello,22
952,male,places,32
953,male,Skywalker,35
954,male,Dick,40
955,male,Back,27
956,male,cold,265
957,male,watch,549
958,male,favorite,61
959,male,sentences,20
960,male,without,75
961,male,flip,34
962,male,...,3004
963,male,badada,20
964,male,story,625
965,male,polite,29
966,male,comes,385
967,male,trunk,86
968,male,climbing,38
969,male,can't,939
970,male,feed,44
971,male,drunk,22
972,male,Bob,24
973,male,reason,130
974,male,huh,1549
975,male,oughta,20
976,male,Michael,48
977,male,girl,184
978,male,cutting,22
979,male,gorilla,21
980,male,awhile,24
981,male,all_gone,39
982,male,side,240
983,male,pumpkin,49
984,male,much,491
985,male,forever,61
986,male,hook,39
987,male,mm,477
988,male,chicken,194
989,male,raining,42
990,male,I'll,1821
991,male,blue,218
992,male,scare,49
993,male,Jesus,48
994,male,picking,40
995,male,yep,272
996,male,hey,639
997,male,squash,29
998,male,shouldn't,49
999,male,son,52
1000,male,size,28
1001,male,Granma,36
1002,male,crack,43
1003,male,Mark,1260
1004,male,Eric,43
1005,male,locked,26
1006,male,hammer,25
1007,male,lettuce,35
1008,male,third,34
1009,male,underneath,20
1010,male,okay,10283
1011,male,day,366
1012,male,ones,212
1013,male,French,26
1014,male,neck,201
1015,male,wrong,358
1016,male,bunch,97
1017,male,soda,20
1018,male,but,1997
1019,male,horrible,67
1020,male,bonk,73
1021,male,oo,98
1022,male,stones,80
1023,male,light,490
1024,male,stick,101
1025,male,going,3242
1026,male,swing,200
1027,male,t,30
1028,male,Popeye,20
1029,male,bring,191
1030,male,baba,21
1031,male,neat,123
1032,male,might,334
1033,male,ba,26
1034,male,backpack,22
1035,male,Bird,109
1036,male,darling,36
1037,male,white,66
1038,male,Monday,21
1039,male,god,35
1040,male,shopping,42
1041,male,Elliot,31
1042,male,waiting,47
1043,male,Ewoks,47
1044,male,ice,146
1045,male,dime,21
1046,male,what'll,22
1047,male,six,153
1048,male,a_lot_of,299
1049,male,Mommy's,119
1050,male,ride,212
1051,male,fall,282
1052,male,Hood,32
1053,male,hang,127
1054,male,stand,173
1055,male,baby,444
1056,male,towel,111
1057,male,towards,20
1058,male,he's,1164
1059,male,Holland,20
1060,male,h,21
1061,male,blanket,76
1062,male,pancakes,46
1063,male,blankie,25
1064,male,paint,64
1065,male,Little,99
1066,male,mess,138
1067,male,pilot,24
1068,male,explain,33
1069,male,helped,23
1070,male,loose,41
1071,male,woke,29
1072,male,potatoes,43
1073,male,soap,54
1074,male,bath,219
1075,male,hole,105
1076,male,o'clock,37
1077,male,swim,41
1078,male,learning,24
1079,male,cat's,24
1080,male,yum,37
1081,male,pool,56
1082,male,Oliver,94
1083,male,trees,127
1084,male,none,39
1085,male,quit,34
1086,male,tigers,39
1087,male,driving,38
1088,male,we'll,909
1089,male,except,73
1090,male,Kitty,34
1091,male,Han,36
1092,male,standing,39
1093,male,Seth,79
1094,male,coo,20
1095,male,gotten,40
1096,male,lego,24
1097,male,slow,29
1098,male,ever,357
1099,male,ask,239
1100,male,huge,22
1101,male,Cheerios,29
1102,male,saw,262
1103,male,heavy,53
1104,male,hospital,53
1105,male,instead,107
1106,male,happens,213
1107,male,motorcycle,113
1108,male,fresh,25
1109,male,leg,135
1110,male,stay,301
1111,male,table,190
1112,male,sell,39
1113,male,cried,42
1114,male,nap,73
1115,male,window,107
1116,male,slide,74
1117,male,main,22
1118,male,crocodile,84
1119,male,ahhah,23
1120,male,Christmas,109
1121,male,mouth,367
1122,male,wow,347
1123,male,here,4557
1124,male,born,21
1125,male,shower,137
1126,male,are,5442
1127,male,bears,38
1128,male,she'll,44
1129,male,kind,629
1130,male,kitty,191
1131,male,chichi,20
1132,male,banana,57
1133,male,house,522
1134,male,has,615
1135,male,between,46
1136,male,Wolf,20
1137,male,bad,825
1138,male,haven't,135
1139,male,wanted,204
1140,male,Marky,1161
1141,male,able,75
1142,male,Brown,21
1143,male,bags,35
1144,male,peanutbutter,125
1145,male,fault,23
1146,male,already,208
1147,male,so,2608
1148,male,accident,42
1149,male,careful,188
1150,male,lots,29
1151,male,busy,71
1152,male,speak,29
1153,male,Kim,25
1154,male,drop,71
1155,male,gross,73
1156,male,moves,26
1157,male,chairs,20
1158,male,nose,271
1159,male,room,247
1160,male,juice,361
1161,male,Pooh,25
1162,male,cough,22
1163,male,difference,66
1164,male,Billy,31
1165,male,walking,99
1166,male,lost,122
1167,male,drink,311
1168,male,monster,90
1169,male,Ben,37
1170,male,listen,389
1171,male,gonna,2796
1172,male,chest,81
1173,male,kids,261
1174,male,Luke,118
1175,male,sent,44
1176,male,happy,221
1177,male,Batttle,20
1178,male,a,14301
1179,male,floppity,29
1180,male,bed,467
1181,male,isn't,475
1182,male,fifteen,25
1183,male,yes,1703
1184,male,boom,84
1185,male,foot,235
1186,male,putting,94
1187,male,listening,34
1188,male,stairs,57
1189,male,through,247
1190,male,knock_knock,27
1191,male,poor,56
1192,male,different,110
1193,male,dream,133
1194,male,yelled,21
1195,male,family,45
1196,male,tired,180
1197,male,warm,88
1198,male,blow,159
1199,male,always,220
1200,male,jumps,21
1201,male,God,179
1202,male,ghosts,59
1203,male,my,2026
1204,male,saved,27
1205,male,no,5591
1206,male,behind,89
1207,male,air,142
1208,male,during,23
1209,male,backwards,57
1210,male,hold,324
1211,male,emperor,30
1212,male,Old,24
1213,male,thank,71
1214,male,nem,44
1215,male,spill,62
1216,male,houses,23
1217,male,pillows,30
1218,male,fantasy,23
1219,male,wonder,83
1220,male,belongs,28
1221,male,upside,28
1222,male,cool,54
1223,male,says,380
1224,male,turning,57
1225,male,bones,24
1226,male,rooster,49
1227,male,choice,22
1228,male,legs,74
1229,male,help,694
1230,male,friend,196
1231,male,may,60
1232,male,beans,25
1233,male,university,20
1234,male,lunch,114
1235,male,fly,130
1236,male,christmas,28
1237,male,mud,26
1238,male,dinosaurs,24
1239,male,Ryan,29
1240,male,duckie,45
1241,male,Strikes,33
1242,male,gonegone,24
1243,male,Ann,38
1244,male,runs,30
1245,male,building,38
1246,male,dry,210
1247,male,games,62
1248,male,towels,31
1249,male,cook,51
1250,male,into,419
1251,male,fight,97
1252,male,big,1360
1253,male,daddy's,34
1254,male,bottle,150
1255,male,wild,27
1256,male,shishi,30
1257,male,flowers,121
1258,male,look,1533
1259,male,Mary,100
1260,male,Wars,66
1261,male,naked,22
1262,male,powder,23
1263,male,R_two_D_two,39
1264,male,go,5206
1265,male,airport,24
1266,male,tray,63
1267,male,world,133
1268,male,seen,84
1269,male,ground,49
1270,male,Dracula,59
1271,male,screen,20
1272,male,older,39
1273,male,teddy,31
1274,male,onto,46
1275,male,doesn't,649
1276,male,ran,64
1277,male,suitcase,45
1278,male,letter,52
1279,male,save,71
1280,male,been,319
1281,male,spilled,27
1282,male,what's,1508
1283,male,pottie,84
1284,male,Lady,23
1285,male,grandma,31
1286,male,ssh,24
1287,male,machine,45
1288,male,shoes,198
1289,male,longer,33
1290,male,kept,30
1291,male,needs,91
1292,male,jacket,32
1293,male,lift,50
1294,male,cents,73
1295,male,build,89
1296,male,yummy,33
1297,male,office,61
1298,male,good,4238
1299,male,T,29
1300,male,they'd,21
1301,male,took,160
1302,male,tool,33
1303,male,pen,39
1304,male,because,1575
1305,male,stories,39
1306,male,keeps,61
1307,male,tried,59
1308,male,use,372
1309,male,diaper,288
1310,male,secret,53
1311,male,bat,32
1312,male,eye,84
1313,male,zero,23
1314,male,step,39
1315,male,leaving,24
1316,male,bought,78
1317,male,tap,26
1318,male,hurry,57
1319,male,jug,39
1320,male,figure,84
1321,male,dada,73
1322,male,or,1176
1323,male,dinosaur,42
1324,male,sleeping,89
1325,male,making,245
1326,male,dancing,30
1327,male,fork,48
1328,male,walked,55
1329,male,question,110
1330,male,candy,82
1331,male,climbed,29
1332,male,watching,44
1333,male,Abe,954
1334,male,shoe,169
1335,male,wings,29
1336,male,dark,98
1337,male,whose,44
1338,male,tools,26
1339,male,colors,54
1340,male,kinds,66
1341,male,garage,62
1342,male,screw,89
1343,male,plants,20
1344,male,Count,29
1345,male,his,1397
1346,male,Charlie,53
1347,male,trip,52
1348,male,spanking,27
1349,male,chip,23
1350,male,butter,59
1351,male,throat,29
1352,male,write,60
1353,male,living,42
1354,male,since,46
1355,male,toothbrush,69
1356,male,shut,56
1357,male,stopped,59
1358,male,climb,101
1359,male,motor,57
1360,male,one,3829
1361,male,washed,20
1362,male,wet,236
1363,male,I've,186
1364,male,mad,174
1365,male,fifty,81
1366,male,on,6083
1367,male,love,398
1368,male,trick,100
1369,male,killed,44
1370,male,Sis,32
1371,male,swimming,84
1372,male,hat,176
1373,male,bless,35
1374,male,hands,231
1375,male,airplane,163
1376,male,doggie,120
1377,male,jelly,70
1378,male,minute,293
1379,male,kisses,31
1380,male,alone,33
1381,male,Adam,52
1382,male,free,24
1383,male,tongue,35
1384,male,tunnel,44
1385,male,smile,49
1386,male,forget,81
1387,male,easier,36
1388,male,bother,26
1389,male,touch,184
1390,male,piggie,32
1391,male,sneak,29
1392,male,coffee,196
1393,male,how,3996
1394,male,parts,48
1395,male,Daddy's,708
1396,male,tie,59
1397,male,hard,470
1398,male,pet,20
1399,male,by,404
1400,male,joke,47
1401,male,ten,100
1402,male,great,144
1403,male,key,33
1404,male,later,251
1405,male,haircut,21
1406,male,bounce,172
1407,male,stop,298
1408,male,real,814
1409,male,hafta,1404
1410,male,Ross's,38
1411,male,Snoopy,36
1412,male,told,194
1413,male,dad,95
1414,male,leave,271
1415,male,our,428
1416,male,higher,52
1417,male,dropped,47
1418,male,whale,25
1419,male,myself,26
1420,male,red,346
1421,male,stayed,30
1422,male,rocks,91
1423,male,gum,59
1424,male,fell,172
1425,male,color,156
1426,male,wanna,2809
1427,male,interesting,114
1428,male,gee,37
1429,male,teach,75
1430,male,shit,37
1431,male,nut,22
1432,male,getting,290
1433,male,happily,21
1434,male,starts,34
1435,male,lives,81
1436,male,evil,29
1437,male,stomach,25
1438,male,well,2511
1439,male,hero,23
1440,male,open,515
1441,male,kitchen,95
1442,male,bug,36
1443,male,before,356
1444,male,vroom,46
1445,male,salad,27
1446,male,whoop,44
1447,male,Daddy,1775
1448,male,money,416
1449,male,eaten,27
1450,male,Stefan,50
1451,male,wake,108
1452,male,everything,262
1453,male,pillow,216
1454,male,magic,32
1455,male,?,52643
1456,male,drive,75
1457,male,tomorrow,238
1458,male,feels,71
1459,male,wrench,39
1460,male,cereal,114
1461,male,smaller,26
1462,male,pocket,47
1463,male,fan,46
1464,male,trash,27
1465,male,when,2222
1466,male,will,990
1467,male,box,187
1468,male,r,69
1469,male,hadta,107
1470,male,pizza,20
1471,male,bathie,20
1472,male,work,493
1473,male,blood,47
1474,male,lose,35
1475,male,usually,28
1476,male,about,2702
1477,male,Pittsburgh,55
1478,male,uhhum,156
1479,male,believe,62
1480,male,froggie,24
1481,male,die,92
1482,male,ooaa,66
1483,male,job,128
1484,male,Grandaddy,45
1485,male,often,25
1486,male,cleaned,22
1487,male,dirt,26
1488,male,early,35
1489,male,zzz,121
1490,male,grabbed,25
1491,male,paper,138
1492,male,Denver,31
1493,male,started,86
1494,male,grandpa,49
1495,male,Saturday,22
1496,male,ball,357
1497,male,fast,99
1498,male,with,2887
1499,male,knew,74
1500,male,sure,984
1501,male,voice,30
1502,male,birthday,166
1503,male,yeh,43
1504,male,confused,25
1505,male,Mom,275
1506,male,Hulk,113
1507,male,jam,22
1508,male,worried,32
1509,male,fix,297
1510,male,Friday,26
1511,male,boy's,33
1512,male,scary,88
1513,male,three,361
1514,male,person,107
1515,male,holes,20
1516,male,want,3995
1517,male,learned,92
1518,male,dragon,48
1519,male,she's,303
1520,male,rivet,20
1521,male,more,1648
1522,male,liked,31
1523,male,quick,22
1524,male,starting,35
1525,male,carrot,36
1526,male,asked,105
1527,male,mommy's,43
1528,male,damn,65
1529,male,bump,146
1530,male,woof,37
1531,male,couch,25
1532,male,grow,102
1533,male,Shana,31
1534,male,letters,68
1535,male,Buddy,28
1536,male,while,248
1537,male,nice,1265
1538,male,jumpjump,25
1539,male,Peter,56
1540,male,puzzles,21
1541,male,against,50
1542,male,buttons,92
1543,male,far,110
1544,male,Claus,45
1545,male,Obi,20
1546,male,month,24
1547,male,where'd,54
1548,male,sat,23
1549,male,holding,61
1550,male,place,156
1551,male,potty,46
1552,male,silverware,23
1553,male,pictures,93
1554,male,l,23
1555,male,grass,57
1556,male,cow,77
1557,male,yesterday,142
1558,male,heard,124
1559,male,bumped,20
1560,male,lived,42
1561,male,cute,218
1562,male,bone,57
1563,male,wood,112
1564,male,pushing,47
1565,male,out_of,410
1566,male,computers,20
1567,male,plug,42
1568,male,push,480
1569,male,scissors,34
1570,male,apologize,20
1571,male,bridge,25
1572,male,ducks,37
1573,male,bumper,41
1574,male,each,31
1575,male,silly,211
1576,male,chain,23
1577,male,Darth_Vader,62
1578,male,list,32
1579,male,waste,21
1580,male,bright,21
1581,male,cowboys,32
1582,male,strong,80
1583,male,bicycle,24
1584,male,else,1077
1585,male,never,280
1586,male,us,1217
1587,male,bong,20
1588,male,Jennifer,30
1589,male,Gonga,52
1590,male,wall,89
1591,male,frog,33
1592,male,switch,172
1593,male,alright,515
1594,male,of,4376
1595,male,check,95
1596,male,needta,205
1597,male,sweet,50
1598,male,Mommy,786
1599,male,right,4780
1600,male,salt,22
1601,male,part,334
1602,male,two,976
1603,male,ET,32
1604,male,as,499
1605,male,Marty,22
1606,male,loud,41
1607,male,super,44
1608,male,weren't,53
1609,male,guess,233
1610,male,eight,111
1611,male,knock,77
1612,male,sword,50
1613,male,war,36
1614,male,bar,29
1615,male,uppy,27
1616,male,knee,50
1617,male,happened,678
1618,male,peanut,46
1619,male,ceiling,31
1620,male,cookie,252
1621,male,mangos,22
1622,male,Chewbacca,37
1623,male,funny,264
1624,male,now,3895
1625,male,coming,242
1626,male,fixing,26
1627,male,belong,23
1628,male,Darth,90
1629,male,sometime,36
1630,male,bell,67
1631,male,caught,50
1632,male,spot,50
1633,male,thirsty,50
1634,male,brains,33
1635,male,calendar,21
1636,male,pat,31
1637,male,chair,285
1638,male,bow,32
1639,male,beginning,38
1640,male,were,1213
1641,male,used,39
1642,male,stuck,99
1643,male,storm,35
1644,male,glass,129
1645,male,cost,50
1646,male,ear,157
1647,male,apples,39
1648,male,poo,72
1649,male,leaf,20
1650,male,children,23
1651,male,radio,26
1652,male,such,100
1653,male,tells,24
1654,male,an,668
1655,male,using,29
1656,male,talked,40
1657,male,how's,103
1658,male,toe,24
1659,male,party,121
1660,male,here's,550
1661,male,along,68
1662,male,home,504
1663,male,animals,138
1664,male,count,117
1665,male,Jim,23
1666,male,sitting,81
1667,male,cars,125
1668,male,apart,133
1669,male,pay,33
1670,male,golf,75
1671,male,forest,32
1672,male,put,2852
1673,male,black,64
1674,male,top,228
1675,male,trains,24
1676,male,stove,25
1677,male,dance,63
1678,male,Joshua,22
1679,male,dig,28
1680,male,hug,75
1681,male,fishing,43
1682,male,wheel,101
1683,male,umhum,238
1684,male,farmer,33
1685,male,mouse,59
1686,male,and,13660
1687,male,prayers,30
1688,male,baseball,37
1689,male,Toddy,53
1690,male,tell,1679
1691,male,sick,168
1692,male,dead,103
1693,male,named,29
1694,male,if,2323
1695,male,ghost,55
1696,male,guns,34
1697,male,recording,33
1698,male,pink,46
1699,male,what'd,82
1700,male,what're,53
1701,male,bam,22
1702,male,return,66
1703,male,do,11080
1704,male,Chris,52
1705,male,lucky,29
1706,male,He_man,36
1707,male,coat,40
1708,male,museum,40
1709,male,dangerous,34
1710,male,w,25
1711,male,they'll,96
1712,male,circus,32
1713,male,wind,51
1714,male,short,84
1715,male,anyway,90
1716,male,faster,40
1717,male,same,264
1718,male,space,56
1719,male,chew,34
1720,male,actually,65
1721,male,movies,49
1722,male,give,1050
1723,male,falls,26
1724,male,knows,98
1725,male,landed,20
1726,male,pony,36
1727,male,somebody,227
1728,male,full,93
1729,male,twerp,39
1730,male,disappear,20
1731,male,mind,107
1732,male,father,65
1733,male,flower,27
1734,male,thanks,107
1735,male,having,103
1736,male,socks,143
1737,male,nobody,86
1738,male,its,103
1739,male,plane,79
1740,male,he'd,38
1741,male,camel,53
1742,male,I'd,97
1743,male,yourself,166
1744,male,does,1920
1745,male,running,102
1746,male,Mr,66
1747,male,biggest,25
1748,male,broccoli,33
1749,male,once,72
1750,male,taking,110
1751,male,dollars,76
1752,male,Jabba,39
1753,male,unless,45
1754,male,steal,29
1755,male,those,1006
1756,male,Joey,46
1757,male,banging,25
1758,male,Tadi,66
1759,male,worry,46
1760,male,Dinky,23
1761,male,sore,34
1762,male,balloon,80
1763,male,Vader,42
1764,male,let,2122
1765,male,Panthore,22
1766,male,snapped,20
1767,male,stuff,298
1768,male,needed,21
1769,male,cake,86
1770,male,double,25
1771,male,mustard,50
1772,male,outa,20
1773,male,tiny,20
1774,male,lot,197
1775,male,oatmeal,256
1776,male,play,1134
1777,male,star,32
1778,male,0are,23
1779,male,bacon,45
1780,male,come,3088
1781,male,bread,75
1782,male,cowboy,97
1783,male,scales,29
1784,male,hiding,38
1785,male,anybody,145
1786,male,spell,24
1787,male,hi,332
1788,male,mine,194
1789,male,Mom's,20
1790,male,broke,73
1791,male,cry,118
1792,male,quiet,67
1793,male,whatever,20
1794,male,reaching,30
1795,male,least,39
1796,male,rest,128
1797,male,",",6622
1798,male,all,2818
1799,male,cat,389
1800,male,really,1403
1801,male,scream,20
1802,male,thirty,80
1803,male,beat,66
1804,male,Grandma,75
1805,male,again,729
1806,male,him,1652
1807,male,car,675
1808,male,skin,34
1809,male,i,41
1810,male,yeah,5613
1811,male,bigger,113
1812,male,race,93
1813,male,preschool,289
1814,male,seeing,24
1815,male,oxygen,20
1816,male,cross,74
1817,male,July,20
1818,male,besides,24
1819,male,bird,82
1820,male,popped,23
1821,male,earlier,37
1822,male,word,323
1823,male,snack,31
1824,male,class,38
1825,male,elephant,77
1826,male,quite,63
1827,male,inside,182
1828,male,battery,40
1829,male,being,204
1830,male,n,103
1831,male,just,2667
1832,male,sink,65
1833,male,birds,65
1834,male,Dad,99
1835,male,lemon,22
1836,male,shoot,70
1837,male,it'll,201
1838,male,cavities,20
1839,male,szörp,25
1840,male,you'd,91
1841,male,Nancy,40
1842,male,book,360
1843,male,till,33
1844,male,thank_you,510
1845,male,finger,92
1846,male,clothes,215
1847,male,could,947
1848,male,pretty,671
1849,male,scratch,35
1850,male,mask,21
1851,male,Grampa,55
1852,male,staying,26
1853,male,beautiful,59
1854,male,wave,27
1855,male,burp,28
1856,male,make,1167
1857,male,horses,25
1858,male,whole,297
1859,male,guys,367
1860,male,cover,45
1861,male,plus,33
1862,male,power,28
1863,male,won,44
1864,male,witches,20
1865,male,afternoon,35
1866,male,hurt,502
1867,male,yucky,63
1868,male,both,243
1869,male,rope,40
1870,male,spider,20
1871,male,pennys,26
1872,male,fingernails,24
1873,male,Mike,25
1874,male,fun,267
1875,male,bout,56
1876,male,Weener,271
1877,male,thinking,105
1878,male,meeting,20
1879,male,her,574
1880,female,held,27
1881,female,gosh,32
1882,female,ninety,35
1883,female,Mummy's,33
1884,female,second,248
1885,female,heart,23
1886,female,Robin,21
1887,female,chimney,48
1888,female,silent,38
1889,female,Barbies,40
1890,female,oh,5787
1891,female,post,25
1892,female,puppet,80
1893,female,!,2887
1894,female,duck,143
1895,female,lasagne,53
1896,female,fill,20
1897,female,dogs,121
1898,female,Saint,31
1899,female,hundred,59
1900,female,pushed,73
1901,female,small,58
1902,female,umbrella,22
1903,female,snow,24
1904,female,hide,28
1905,female,across,41
1906,female,whoa,28
1907,female,ABC,24
1908,female,shake,51
1909,female,eardrops,27
1910,female,bloy,129
1911,female,answer,24
1912,female,mean,373
1913,female,fairy,29
1914,female,cookies,178
1915,female,pipe,259
1916,female,still,448
1917,female,any,1010
1918,female,doing,1338
1919,female,tv,69
1920,female,live,124
1921,female,rain,41
1922,female,crash,38
1923,female,for,4124
1924,female,dolls's,32
1925,female,trouble,124
1926,female,important,47
1927,female,long,414
1928,female,picked,28
1929,female,Dwww's,29
1930,female,chips,33
1931,female,sandwich,71
1932,female,you're,2836
1933,female,five,562
1934,female,cut,191
1935,female,trying,182
1936,female,storybook,39
1937,female,friends,69
1938,female,wash,159
1939,female,bowwow,21
1940,female,teaching,30
1941,female,basket,21
1942,female,Great,63
1943,female,crackers,29
1944,female,spiders,30
1945,female,this,6556
1946,female,gate,46
1947,female,drinking,79
1948,female,thinks,44
1949,female,bolt,54
1950,female,milk,1022
1951,female,another,881
1952,female,time,1164
1953,female,gurgles,43
1954,female,truck,153
1955,female,found,341
1956,female,bandaid,43
1957,female,pigs,36
1958,female,spoonful,43
1959,female,gave,168
1960,female,in,7052
1961,female,bunny,52
1962,female,years,208
1963,female,plenty,75
1964,female,presents,47
1965,female,cooking,99
1966,female,Courtney,71
1967,female,down,2335
1968,female,nothing,202
1969,female,lemme,34
1970,female,byebye,47
1971,female,summers,52
1972,female,gym,69
1973,female,whoo,29
1974,female,Barbie,49
1975,female,orange,127
1976,female,Georgie,124
1977,female,four,470
1978,female,wasn't,289
1979,female,crayon,22
1980,female,set,25
1981,female,strollers,33
1982,female,almost,172
1983,female,week,250
1984,female,cups,40
1985,female,Tuesday,44
1986,female,they've,27
1987,female,desk,77
1988,female,mirror,33
1989,female,ago,162
1990,female,how're,20
1991,female,hours,51
1992,female,one's,120
1993,female,we're,427
1994,female,catch,151
1995,female,rug,50
1996,female,tail,154
1997,female,the,25488
1998,female,it'd,59
1999,female,there,4644
2000,female,hand,305
2001,female,Wendy,36
2002,female,ow,62
2003,female,strange,102
2004,female,s,40
2005,female,Nate,60
2006,female,heads,22
2007,female,planing,33
2008,female,am,151
2009,female,uhoh,96
2010,female,need,521
2011,female,child,27
2012,female,draw,275
2013,female,nah,60
2014,female,finish,419
2015,female,untied,23
2016,female,Bear,30
2017,female,dollar,105
2018,female,Germany,32
2019,female,mom,69
2020,female,channel,28
2021,female,probably,287
2022,female,followed,23
2023,female,ropes,42
2024,female,Tramp,29
2025,female,chickie,25
2026,female,don't,5766
2027,female,news,34
2028,female,company,23
2029,female,their,270
2030,female,Mot,151
2031,female,turn,723
2032,female,fits,74
2033,female,share,50
2034,female,Megan,36
2035,female,closet,31
2036,female,fancy,57
2037,female,pig,83
2038,female,pointy,31
2039,female,ate,123
2040,female,medicine,58
2041,female,perfect,21
2042,female,church,23
2043,female,dear,178
2044,female,lights,45
2045,female,surprised,23
2046,female,owl,146
2047,female,Nomi's,67
2048,female,koolaid,195
2049,female,beads,41
2050,female,move,155
2051,female,soon,150
2052,female,boing,31
2053,female,gas,31
2054,female,hate,22
2055,female,liking,25
2056,female,too,1723
2057,female,Jacqueline,26
2058,female,days,49
2059,female,them,1645
2060,female,married,54
2061,female,water,507
2062,female,excused,25
2063,female,Donald,61
2064,female,your,6577
2065,female,should,806
2066,female,toss,36
2067,female,straw,38
2068,female,played,29
2069,female,kiss,112
2070,female,they're,603
2071,female,Rosamund,116
2072,female,outside,192
2073,female,spoon,82
2074,female,bark,43
2075,female,beanbag,33
2076,female,Kent,83
2077,female,hair,347
2078,female,Jackie,35
2079,female,steeringwheel,136
2080,female,round,108
2081,female,doll,178
2082,female,dish,24
2083,female,bank,44
2084,female,Jwww's,33
2085,female,carrots,32
2086,female,easy,124
2087,female,Bozo,29
2088,female,dishes,197
2089,female,page,251
2090,female,we'd,72
2091,female,season,25
2092,female,working,146
2093,female,fruit,34
2094,female,noodle,21
2095,female,tiger,91
2096,female,better,469
2097,female,sorry,265
2098,female,missing,35
2099,female,rat,20
2100,female,wait,483
2101,female,strawberry,75
2102,female,sisters,28
2103,female,excuse,160
2104,female,ready,157
2105,female,breakfast,453
2106,female,had,718
2107,female,crazy,36
2108,female,g,65
2109,female,Amye,58
2110,female,King,69
2111,female,eats,28
2112,female,where,1974
2113,female,Doctor,24
2114,female,grab,28
2115,female,screwdriver,128
2116,female,guests,85
2117,female,grade,39
2118,female,group,33
2119,female,Steamer,26
2120,female,say,2698
2121,female,"""/.",1452
2122,female,hunger,40
2123,female,splash,57
2124,female,toast,303
2125,female,yell,20
2126,female,pajamas,29
2127,female,jumped,91
2128,female,yup,57
2129,female,talking,111
2130,female,yuck,25
2131,female,holds,28
2132,female,saving,73
2133,female,yogurt,115
2134,female,enough,385
2135,female,turkey,32
2136,female,fighting,21
2137,female,expensive,50
2138,female,tight,118
2139,female,eat,1640
2140,female,railroad,20
2141,female,Rice_krispies,26
2142,female,most,172
2143,female,call,373
2144,female,late,179
2145,female,you've,397
2146,female,decide,61
2147,female,said,1091
2148,female,shells,28
2149,female,works,49
2150,female,doubt,29
2151,female,jump,61
2152,female,difficult,88
2153,female,people,334
2154,female,birdie,56
2155,female,ripped,26
2156,female,which,486
2157,female,savings,32
2158,female,maybe,909
2159,female,babies,100
2160,female,asking,46
2161,female,steps,30
2162,female,sponge,63
2163,female,dragging,31
2164,female,baloney,53
2165,female,lots_of,36
2166,female,blew,35
2167,female,Mother,47
2168,female,stops,22
2169,female,tricycle,50
2170,female,pulling,27
2171,female,remember,784
2172,female,please,731
2173,female,doctor,146
2174,female,past,43
2175,female,blocks,45
2176,female,came,378
2177,female,dinner,259
2178,female,pointing,49
2179,female,commercial,79
2180,female,steam,36
2181,female,lovie,21
2182,female,shortcake,29
2183,female,old,396
2184,female,get,3351
2185,female,case,42
2186,female,sad,70
2187,female,New_York,23
2188,female,wish,25
2189,female,green,269
2190,female,Fang,84
2191,female,park,121
2192,female,himself,60
2193,female,middle,36
2194,female,mailman,51
2195,female,orangejuice,34
2196,female,understand,51
2197,female,laughing,24
2198,female,button,107
2199,female,nickel,92
2200,female,hm,704
2201,female,happening,147
2202,female,sees,35
2203,female,slipper,120
2204,female,sort,53
2205,female,bend,27
2206,female,straight,52
2207,female,moon,188
2208,female,taught,34
2209,female,teething,49
2210,female,sour,41
2211,female,no-no,23
2212,female,store,447
2213,female,also,50
2214,female,resting,21
2215,female,sounds,59
2216,female,cats,61
2217,female,pages,59
2218,female,teased,34
2219,female,wouldn't,228
2220,female,next,490
2221,female,toaster,28
2222,female,kid,20
2223,female,quack,59
2224,female,bye,306
2225,female,screaming,26
2226,female,David,24
2227,female,sit,1114
2228,female,taperecorder,144
2229,female,they,2488
2230,female,spare,96
2231,female,sugar,158
2232,female,year,219
2233,female,ham,23
2234,female,age,54
2235,female,stole,49
2236,female,it,15936
2237,female,interested,56
2238,female,today's,44
2239,female,Sludge,107
2240,female,.,121252
2241,female,first,750
2242,female,Brave,50
2243,female,jealous,20
2244,female,reach,27
2245,female,puzzle,72
2246,female,cause,153
2247,female,sister,58
2248,female,best,39
2249,female,crawl,33
2250,female,row,22
2251,female,Bub,31
2252,female,latest,25
2253,female,ooh,83
2254,female,Holy,73
2255,female,dancer,25
2256,female,pulled,44
2257,female,momma's,33
2258,female,that'll,107
2259,female,Child,29
2260,female,she,2969
2261,female,so_that,36
2262,female,Ernie,42
2263,female,hope,172
2264,female,hon,49
2265,female,Chi,398
2266,female,whining,37
2267,female,slippers,182
2268,female,downstairs,74
2269,female,seven,272
2270,female,mushroom,22
2271,female,got,2414
2272,female,nuhhuh,21
2273,female,pears,32
2274,female,Name,85
2275,female,french,22
2276,female,Jwww,409
2277,female,hungry,250
2278,female,other,1364
2279,female,Titch,79
2280,female,than,292
2281,female,me,3611
2282,female,brother,106
2283,female,tree,258
2284,female,lady,203
2285,female,woman,45
2286,female,rings,38
2287,female,tend,35
2288,female,last,457
2289,female,half,225
2290,female,matzo,47
2291,female,Miller,27
2292,female,thirds,22
2293,female,engine,74
2294,female,teeth,236
2295,female,Sue,37
2296,female,these,859
2297,female,Michael's,22
2298,female,shovel,21
2299,female,piano,35
2300,female,boat,84
2301,female,telling,57
2302,female,where's,1062
2303,female,bike,69
2304,female,good_night,24
2305,female,lie,180
2306,female,tent,21
2307,female,horse,165
2308,female,puddle,27
2309,female,uhhuh,561
2310,female,there's,1116
2311,female,arm,97
2312,female,fine,122
2313,female,sleeve,36
2314,female,useta,265
2315,female,thought,544
2316,female,register,110
2317,female,from,813
2318,female,upstairs,47
2319,female,attention,22
2320,female,somewhere,29
2321,female,stairway,29
2322,female,oops,75
2323,female,hill,95
2324,female,McDonalds,30
2325,female,Irish,27
2326,female,above,66
2327,female,doodoodoo,64
2328,female,puts,29
2329,female,books,383
2330,female,flour,42
2331,female,some,3134
2332,female,talks,25
2333,female,Kendra,106
2334,female,how'd,39
2335,female,together,306
2336,female,not,3419
2337,female,ciao,55
2338,female,start,212
2339,female,Kristen,43
2340,female,e,110
2341,female,apple,169
2342,female,lies,31
2343,female,tall,27
2344,female,off,1232
2345,female,lady's,22
2346,female,toys,145
2347,female,brought,101
2348,female,pick,170
2349,female,sposta,177
2350,female,couple,254
2351,female,goose,23
2352,female,promise,36
2353,female,close,331
2354,female,toy,94
2355,female,Aimee,34
2356,female,dress,114
2357,female,envelope,34
2358,female,hear,415
2359,female,matter,264
2360,female,Debbie,42
2361,female,falling,57
2362,female,empty,104
2363,female,exactly,34
2364,female,comfortable,42
2365,female,extra,31
2366,female,it's,4188
2367,female,tear,26
2368,female,wipe,43
2369,female,numbers,58
2370,female,chase,36
2371,female,turns,65
2372,female,toilet,45
2373,female,Dentyne↑,39
2374,female,eleven,212
2375,female,forty,64
2376,female,balloons,22
2377,female,pour,124
2378,female,tea,349
2379,female,boots,77
2380,female,tomatoes,24
2381,female,guy,107
2382,female,em,237
2383,female,ticking,24
2384,female,cocoa,104
2385,female,movie,70
2386,female,Nanette,30
2387,female,anymore,152
2388,female,sky,35
2389,female,only,434
2390,female,tastes,48
2391,female,following,28
2392,female,piece,393
2393,female,cards,82
2394,female,know,3724
2395,female,seventeen,79
2396,female,minutes,106
2397,female,climbs,38
2398,female,men,34
2399,female,find,467
2400,female,policeman,475
2401,female,wrote,38
2402,female,cannot,26
2403,female,coulda,30
2404,female,today,724
2405,female,skunk,31
2406,female,road,32
2407,female,up,3289
2408,female,garden,25
2409,female,at,2897
2410,female,stores,21
2411,female,rabbit,126
2412,female,mail,64
2413,female,Laura's,94
2414,female,department,45
2415,female,bear,196
2416,female,meet,40
2417,female,ring,45
2418,female,night_night,221
2419,female,Tom,32
2420,female,seem,35
2421,female,reading,90
2422,female,chasing,30
2423,female,refrigerator,43
2424,female,you'll,557
2425,female,spank,46
2426,female,Owen,53
2427,female,chug,100
2428,female,Mister,43
2429,female,tub,83
2430,female,Mickey,49
2431,female,microphone,146
2432,female,block,77
2433,female,golly,67
2434,female,fire,82
2435,female,night,497
2436,female,makes,155
2437,female,glad,70
2438,female,bathtub,53
2439,female,Gwww,26
2440,female,something,992
2441,female,press,84
2442,female,why,2069
2443,female,send,44
2444,female,candles,72
2445,female,whether,38
2446,female,way,1060
2447,female,sometimes,44
2448,female,oops_a_daisy,41
2449,female,Sara,25
2450,female,growing,42
2451,female,helps,91
2452,female,mother,136
2453,female,food,300
2454,female,carry,44
2455,female,Mrs_Gwww,23
2456,female,horn,28
2457,female,Teppy,32
2458,female,spoons,22
2459,female,rather,52
2460,female,over,1239
2461,female,nope,69
2462,female,awake,24
2463,female,taken,48
2464,female,gets,177
2465,female,wife,40
2466,female,treat,20
2467,female,doggie's,26
2468,female,flat,104
2469,female,v,40
2470,female,Mummy,200
2471,female,body,34
2472,female,‡,570
2473,female,rocket,21
2474,female,new,279
2475,female,he,3222
2476,female,won't,402
2477,female,I,11622
2478,female,Claude's,37
2479,female,bang,37
2480,female,square,51
2481,female,glasses,64
2482,female,fit,130
2483,female,watched,34
2484,female,losing,86
2485,female,animal,67
2486,female,that,11083
2487,female,Morningside,40
2488,female,true,98
2489,female,lay,55
2490,female,fish,287
2491,female,times,84
2492,female,miss,90
2493,female,keep,235
2494,female,train,46
2495,female,lasagna,126
2496,female,barking,132
2497,female,Olivia,46
2498,female,until,217
2499,female,sun,56
2500,female,lifting,22
2501,female,bottom,168
2502,female,corner,46
2503,female,went,511
2504,female,honey,521
2505,female,olives,32
2506,female,golfball,24
2507,female,heck,70
2508,female,everybody,165
2509,female,circle,70
2510,female,suppose,146
2511,female,bit,399
2512,female,try,683
2513,female,carriage,153
2514,female,worser,28
2515,female,hot,530
2516,female,steaming,33
2517,female,clouds,26
2518,female,pull,252
2519,female,possible,22
2520,female,every,53
2521,female,mhm,1426
2522,female,smoke,59
2523,female,sand,26
2524,female,take,1650
2525,female,fair,58
2526,female,„,330
2527,female,though,175
2528,female,wheels,92
2529,female,away,590
2530,female,who's,1029
2531,female,man's,25
2532,female,Livie,35
2533,female,chocolate,152
2534,female,Andrew,46
2535,female,tickle,76
2536,female,likes,134
2537,female,ogre,28
2538,female,rice,29
2539,female,finished,305
2540,female,popcorn,31
2541,female,closed,20
2542,female,parents,22
2543,female,Jason,25
2544,female,covered,31
2545,female,mountain,32
2546,female,Donna,25
2547,female,feeling,64
2548,female,anywhere,36
2549,female,door,247
2550,female,mix,20
2551,female,tire,270
2552,female,eighty,23
2553,female,riding,87
2554,female,very,1112
2555,female,wear,81
2556,female,mommy,105
2557,female,Chantilly,48
2558,female,Rosamund's,45
2559,female,hello,223
2560,female,lap,55
2561,female,diet,50
2562,female,learn,54
2563,female,asleep,45
2564,female,must,168
2565,female,hitting,22
2566,female,disappeared,24
2567,female,ho,89
2568,female,anything,371
2569,female,Santa_Claus,41
2570,female,sound,139
2571,female,ta,63
2572,female,splinter,38
2573,female,tape,187
2574,female,supposed,68
2575,female,Emmy's,60
2576,female,sticky,20
2577,female,uncle,22
2578,female,crying,128
2579,female,shadow,45
2580,female,tighter,20
2581,female,Nomi,5354
2582,female,Momma,42
2583,female,own,139
2584,female,either,215
2585,female,Naomi,409
2586,female,nine,142
2587,female,Carol,76
2588,female,think,2223
2589,female,then,1492
2590,female,hasta,98
2591,female,pans,70
2592,female,napkin,145
2593,female,point,43
2594,female,figured,31
2595,female,doo,38
2596,female,sing,164
2597,female,looking,289
2598,female,cream,226
2599,female,walk,164
2600,female,Mama's,39
2601,female,gone,127
2602,female,is,9017
2603,female,made,182
2604,female,peel,31
2605,female,penny,77
2606,female,angry,35
2607,female,shapes,21
2608,female,bus,56
2609,female,boogin,20
2610,female,change,193
2611,female,number,176
2612,female,monk,27
2613,female,D,29
2614,female,eating,482
2615,female,homely,35
2616,female,read,946
2617,female,Grammy,33
2618,female,special,185
2619,female,picture,175
2620,female,wagon,20
2621,female,left,191
2622,female,chin,51
2623,female,bag,378
2624,female,Aunt,48
2625,female,didn't,1301
2626,female,tries,21
2627,female,yard,48
2628,female,belt,43
2629,female,Paul's,22
2630,female,high,76
2631,female,boy,712
2632,female,shelf,52
2633,female,bites,40
2634,female,sixty,75
2635,female,throw,139
2636,female,uhuh,266
2637,female,chickens,29
2638,female,pass,100
2639,female,turtle,99
2640,female,choo_choo,29
2641,female,Rachel,34
2642,female,purse,28
2643,female,upset,50
2644,female,Munich,23
2645,female,m,57
2646,female,buy,314
2647,female,Mary's,40
2648,female,words,99
2649,female,hurts,71
2650,female,leaves,40
2651,female,jack,74
2652,female,somebody's,26
2653,female,arms,39
2654,female,sticking,20
2655,female,we,3140
2656,female,Harry,58
2657,female,bite,155
2658,female,sea,21
2659,female,Twww,20
2660,female,Georgie's,39
2661,female,brother's,21
2662,female,turtles,21
2663,female,school,621
2664,female,cash,114
2665,female,monkey,299
2666,female,pretending,55
2667,female,end,227
2668,female,washing,50
2669,female,pussy,83
2670,female,scarf,26
2671,female,sleep,292
2672,female,writing,60
2673,female,knobs,32
2674,female,tummy,35
2675,female,cows,21
2676,female,Sunday,27
2677,female,welcome,126
2678,female,Sarah's,35
2679,female,Agnus,39
2680,female,shirt,103
2681,female,onion,29
2682,female,chalk,25
2683,female,sweetheart,384
2684,female,tickets,37
2685,female,clean,133
2686,female,eyes,261
2687,female,dolly,98
2688,female,thirteen,60
2689,female,shall,173
2690,female,tires,63
2691,female,dog,374
2692,female,c,59
2693,female,//.,23
2694,female,present,71
2695,female,have,3718
2696,female,further,51
2697,female,poo_poo,21
2698,female,toes,36
2699,female,soup,194
2700,female,quotes,27
2701,female,hippo,32
2702,female,changed,30
2703,female,fat,52
2704,female,Annie,60
2705,female,thing,589
2706,female,couldn't,120
2707,female,Garfield,29
2708,female,problem,49
2709,female,was,3114
2710,female,Tupty,109
2711,female,looked,76
2712,female,sauerkraut,33
2713,female,turned,84
2714,female,gray,25
2715,female,d,41
2716,female,brown,117
2717,female,softer,27
2718,female,called,470
2719,female,twenty,216
2720,female,nuts,51
2721,female,grocery,158
2722,female,picnic,67
2723,female,boys,105
2724,female,forks,38
2725,female,after,302
2726,female,Sandra,23
2727,female,Jay,24
2728,female,names,51
2729,female,song,166
2730,female,cartoons,45
2731,female,cup,288
2732,female,maker,24
2733,female,spaghetti,94
2734,female,Clyde,81
2735,female,whoops,102
2736,female,twelve,310
2737,female,peach,20
2738,female,out,2055
2739,female,beach,154
2740,female,wastebasket,25
2741,female,ramp,33
2742,female,even,243
2743,female,goodbye,32
2744,female,playing,250
2745,female,he'll,83
2746,female,yellow,95
2747,female,marbles,32
2748,female,Daddy'll,21
2749,female,Familia,64
2750,female,sleepy,26
2751,female,donkey,49
2752,female,how_come,75
2753,female,lines,44
2754,female,teacher,93
2755,female,few,110
2756,female,Lwww,23
2757,female,telephone,48
2758,female,oven,35
2759,female,would,1255
2760,female,Gammy,84
2761,female,pieces,105
2762,female,floor,271
2763,female,screws,45
2764,female,sneakers,36
2765,female,under,246
2766,female,bond,24
2767,female,punch,24
2768,female,Nicole,34
2769,female,we've,85
2770,female,show,362
2771,female,driver,45
2772,female,dirty,126
2773,female,edges,49
2774,female,Florida,50
2775,female,useful,32
2776,female,wants,428
2777,female,who,2113
2778,female,The_great_cat_chase,41
2779,female,taste,114
2780,female,done,221
2781,female,anyone,24
2782,female,name,692
2783,female,egg,231
2784,female,noise,69
2785,female,deal,35
2786,female,papa,21
2787,female,horsie,143
2788,female,b,49
2789,female,saying,287
2790,female,heater,29
2791,female,caterpillar,29
2792,female,what,14311
2793,female,sweatshirt,28
2794,female,delicious,156
2795,female,John,28
2796,female,idea,121
2797,female,queen,44
2798,female,yet,332
2799,female,peekaboo,31
2800,female,terrific,56
2801,female,pie,44
2802,female,Ma,50
2803,female,yours,129
2804,female,thumbs,34
2805,female,knife,109
2806,female,I'm,1736
2807,female,cable,65
2808,female,cooling,31
2809,female,knees,24
2810,female,Jacyntha,37
2811,female,did,4286
2812,female,man,440
2813,female,/.,731
2814,female,record,110
2815,female,ya,1012
2816,female,lion,132
2817,female,ah,318
2818,female,run,99
2819,female,smart,29
2820,female,pencil,102
2821,female,street,57
2822,female,flew,56
2823,female,healthier,39
2824,female,feel,174
2825,female,meant,77
2826,female,pepper,45
2827,female,The,56
2828,female,ears,122
2829,female,broken,200
2830,female,threw,50
2831,female,hamburger,32
2832,female,itself,24
2833,female,kitty's,56
2834,female,seat,83
2835,female,be,2715
2836,female,alrightie,23
2837,female,tonight,198
2838,female,back,1733
2839,female,bee,36
2840,female,roll,48
2841,female,aspirin,26
2842,female,looks,696
2843,female,o,142
2844,female,keys,141
2845,female,unhappy,21
2846,female,hit,155
2847,female,aren't,217
2848,female,like,4000
2849,female,girls,240
2850,female,bowl,92
2851,female,Liv,27
2852,female,summer,187
2853,female,drawer,45
2854,female,beep,48
2855,female,adjust,61
2856,female,morning,348
2857,female,cheese,223
2858,female,steamed,34
2859,female,bars,45
2860,female,carefully,24
2861,female,fooling,27
2862,female,branch,55
2863,female,talk,565
2864,female,eggs,246
2865,female,head,459
2866,female,bet,230
2867,female,drawing,72
2868,female,fixed,57
2869,female,Patricia,20
2870,female,normally,43
2871,female,pants,70
2872,female,icecream,151
2873,female,ketchup,84
2874,female,offer,127
2875,female,brothers,23
2876,female,Claude,137
2877,female,daddy,112
2878,female,Sandy,31
2879,female,you,34844
2880,female,meat,94
2881,female,plate,175
2882,female,friendly,30
2883,female,meals,37
2884,female,to,9282
2885,female,fingers,433
2886,female,game,83
2887,female,scrap,24
2888,female,oop,75
2889,female,policeman's,66
2890,female,sauce,90
2891,female,face,141
2892,female,chomping,36
2893,female,bathroom,99
2894,female,things,505
2895,female,Cwww,23
2896,female,heaven,36
2897,female,puppy,32
2898,female,certainly,71
2899,female,care,62
2900,female,others,58
2901,female,corn,188
2902,female,takes,58
2903,female,see,3583
2904,female,can,4038
2905,female,goes,439
2906,female,saucers,22
2907,female,let's,1524
2908,female,break,158
2909,female,Mama,51
2910,female,means,110
2911,female,fishie,23
2912,female,phone,86
2913,female,ahead,163
2914,female,tied,23
2915,female,supper,203
2916,female,moving,60
2917,female,smell,65
2918,female,feet,290
2919,female,forgot,106
2920,female,afraid,65
2921,female,that's,6938
2922,female,dressed,125
2923,female,recorder,237
2924,female,shot,32
2925,female,instructions,20
2926,female,porcupine,26
2927,female,pennies,69
2928,female,Santa,35
2929,female,gotta,455
2930,female,weeks,330
2931,female,around,798
2932,female,pretend,160
2933,female,worse,45
2934,female,sense,29
2935,female,seal,31
2936,female,zebras,22
2937,female,missed,25
2938,female,little,1815
2939,female,willn't,97
2940,female,many,804
2941,female,fourteen,120
2942,female,front,256
2943,female,aid,48
2944,female,happen,36
2945,female,kitties,25
2946,female,cold,294
2947,female,watch,424
2948,female,favorite,82
2949,female,cuts,44
2950,female,without,71
2951,female,fence,22
2952,female,steak,82
2953,female,...,2674
2954,female,restaurant,43
2955,female,knob,24
2956,female,story,311
2957,female,loves,41
2958,female,comes,272
2959,female,in_case,28
2960,female,climbing,65
2961,female,she'd,58
2962,female,kidding,43
2963,female,can't,1170
2964,female,feed,56
2965,female,acceptable,35
2966,female,reason,98
2967,female,huh,2101
2968,female,serious,44
2969,female,oughta,63
2970,female,Michael,83
2971,female,girl,710
2972,female,cutting,55
2973,female,tulip,32
2974,female,nursery,57
2975,female,gorilla,36
2976,female,awhile,51
2977,female,all_gone,108
2978,female,side,301
2979,female,Katie,79
2980,female,much,652
2981,female,lightly,30
2982,female,mm,930
2983,female,chicken,194
2984,female,Noah,35
2985,female,raining,48
2986,female,Goofy,122
2987,female,ocean,62
2988,female,water's,22
2989,female,z,24
2990,female,dolls,132
2991,female,I'll,1456
2992,female,blue,257
2993,female,scare,44
2994,female,picking,24
2995,female,yep,277
2996,female,playground,20
2997,female,magazine,38
2998,female,hey,432
2999,female,shouldn't,64
3000,female,diets,30
3001,female,Eric,23
3002,female,lookee,23
3003,female,hammer,23
3004,female,lettuce,62
3005,female,third,59
3006,female,teenage,27
3007,female,Fraser,143
3008,female,tickling,30
3009,female,underneath,50
3010,female,okay,6040
3011,female,hen,58
3012,female,sudden,33
3013,female,day,336
3014,female,ones,267
3015,female,seconds,33
3016,female,neck,43
3017,female,Fred,38
3018,female,wrong,156
3019,female,bunch,36
3020,female,soda,26
3021,female,but,1377
3022,female,teethe,45
3023,female,oo,29
3024,female,light,245
3025,female,stick,162
3026,female,spreads,26
3027,female,going,2087
3028,female,swing,32
3029,female,t,27
3030,female,helmet,40
3031,female,bring,228
3032,female,neat,84
3033,female,might,245
3034,female,clown,26
3035,female,darling,51
3036,female,white,138
3037,female,Monday,28
3038,female,afford,40
3039,female,jeep,100
3040,female,vitamin,21
3041,female,sop,39
3042,female,shopping,120
3043,female,spend,22
3044,female,waiting,79
3045,female,ice,94
3046,female,dime,25
3047,female,six,166
3048,female,catches,26
3049,female,a_lot_of,114
3050,female,Mommy's,176
3051,female,afterwards,26
3052,female,ride,98
3053,female,fall,280
3054,female,hang,53
3055,female,Toaster,64
3056,female,stand,56
3057,female,baby,1053
3058,female,towel,50
3059,female,towards,42
3060,female,he's,1129
3061,female,tomato,51
3062,female,h,33
3063,female,blanket,322
3064,female,pancakes,61
3065,female,cartoon,44
3066,female,vanilla,35
3067,female,kicking,59
3068,female,Little,107
3069,female,order,20
3070,female,picks,33
3071,female,tighten,105
3072,female,humming,22
3073,female,licks,39
3074,female,filthy,46
3075,female,helped,129
3076,female,loose,29
3077,female,toward,21
3078,female,Dwww,217
3079,female,scrape,41
3080,female,metal,76
3081,female,Alyssa,37
3082,female,potatoes,86
3083,female,soap,35
3084,female,bath,43
3085,female,hole,227
3086,female,o'clock,226
3087,female,swim,45
3088,female,cat's,160
3089,female,form,41
3090,female,Glenn,41
3091,female,yum,63
3092,female,pool,63
3093,female,Wednesday,41
3094,female,none,34
3095,female,tigers,40
3096,female,driving,58
3097,female,we'll,600
3098,female,except,39
3099,female,Janet,22
3100,female,standing,80
3101,female,garlic,55
3102,female,slow,31
3103,female,ever,222
3104,female,ask,217
3105,female,Cheerios,58
3106,female,saw,180
3107,female,heavy,47
3108,female,iron,43
3109,female,hospital,21
3110,female,wawa,22
3111,female,instead,60
3112,female,happens,332
3113,female,motorcycle,22
3114,female,fresh,42
3115,female,leg,117
3116,female,stay,311
3117,female,table,419
3118,female,sell,68
3119,female,cried,26
3120,female,nap,73
3121,female,window,149
3122,female,slide,66
3123,female,ahhah,80
3124,female,mouth,399
3125,female,Leslie,30
3126,female,wow,92
3127,female,here,4120
3128,female,ant,38
3129,female,shower,28
3130,female,mike,39
3131,female,are,4473
3132,female,she'll,221
3133,female,kind,903
3134,female,kitty,547
3135,female,banana,180
3136,female,rich,33
3137,female,house,623
3138,female,has,559
3139,female,visit,40
3140,female,between,70
3141,female,bad,326
3142,female,haven't,88
3143,female,lying,79
3144,female,wanted,99
3145,female,Heather,22
3146,female,Big,36
3147,female,able,158
3148,female,f,25
3149,female,peanutbutter,24
3150,female,already,199
3151,female,cart,57
3152,female,so,2445
3153,female,accident,26
3154,female,tissue,24
3155,female,careful,210
3156,female,busy,28
3157,female,speak,78
3158,female,drop,22
3159,female,lions,30
3160,female,chairs,32
3161,female,nose,229
3162,female,room,310
3163,female,juice,377
3164,female,Carl's,35
3165,female,walking,61
3166,female,oil,27
3167,female,lost,206
3168,female,drink,367
3169,female,monster,33
3170,female,listen,128
3171,female,gonna,2015
3172,female,chest,23
3173,female,kids,404
3174,female,Tim,27
3175,female,fumble,20
3176,female,happy,228
3177,female,a,15818
3178,female,bed,415
3179,female,isn't,492
3180,female,fifteen,58
3181,female,Randy,23
3182,female,mermaid,33
3183,female,yes,2827
3184,female,boom,35
3185,female,license,58
3186,female,foot,110
3187,female,putting,124
3188,female,stairs,59
3189,female,through,290
3190,female,poor,79
3191,female,gives,32
3192,female,different,80
3193,female,italian,37
3194,female,dream,140
3195,female,family,58
3196,female,tired,176
3197,female,warm,116
3198,female,blow,105
3199,female,always,234
3200,female,jumps,66
3201,female,goodness,56
3202,female,God,23
3203,female,my,1707
3204,female,saved,70
3205,female,no,6874
3206,female,behind,143
3207,female,air,70
3208,female,backwards,59
3209,female,Emmy,63
3210,female,hold,350
3211,female,puppies,54
3212,female,plates,25
3213,female,unusual,35
3214,female,thank,816
3215,female,below,56
3216,female,spill,157
3217,female,wonder,27
3218,female,upside,50
3219,female,bleed,26
3220,female,cool,65
3221,female,says,407
3222,female,turning,105
3223,female,butterfly,29
3224,female,legs,95
3225,female,breakfasttime,24
3226,female,help,479
3227,female,friend,26
3228,female,may,221
3229,female,beans,91
3230,female,skinny,22
3231,female,lunch,178
3232,female,fly,44
3233,female,Swww's,62
3234,female,feisty,34
3235,female,Karen,35
3236,female,Laurie,65
3237,female,runs,99
3238,female,building,38
3239,female,dry,36
3240,female,paid,37
3241,female,crumb,60
3242,female,cook,110
3243,female,into,501
3244,female,lollipop,34
3245,female,fight,34
3246,female,big,1031
3247,female,sip,22
3248,female,bottle,136
3249,female,muffin,27
3250,female,flowers,78
3251,female,look,2399
3252,female,Mary,98
3253,female,bellybutton,35
3254,female,heh,24
3255,female,powder,50
3256,female,freezing,56
3257,female,Nintendo,30
3258,female,go,3417
3259,female,tray,35
3260,female,seen,229
3261,female,ground,31
3262,female,older,66
3263,female,onto,36
3264,female,huh↑,33
3265,female,Bugs,29
3266,female,sixteen,20
3267,female,lamb,53
3268,female,brag,63
3269,female,doesn't,893
3270,female,card,44
3271,female,ran,64
3272,female,letter,123
3273,female,save,376
3274,female,Mike's,24
3275,female,been,348
3276,female,heat,44
3277,female,what's,4069
3278,female,pottie,34
3279,female,shoes,306
3280,female,kept,20
3281,female,wee,49
3282,female,baking,28
3283,female,needs,96
3284,female,Pete,40
3285,female,jacket,24
3286,female,lift,29
3287,female,cents,103
3288,female,build,24
3289,female,Fat,30
3290,female,good,2583
3291,female,they'd,22
3292,female,took,307
3293,female,mention,29
3294,female,necklace,41
3295,female,pen,52
3296,female,because,1166
3297,female,keeps,21
3298,female,tried,61
3299,female,use,496
3300,female,diaper,149
3301,female,babysit,26
3302,female,eye,189
3303,female,step,22
3304,female,Urs,32
3305,female,rusty,20
3306,female,bought,26
3307,female,hurry,68
3308,female,figure,45
3309,female,pushes,30
3310,female,or,1640
3311,female,Chrissie,20
3312,female,songs,34
3313,female,Fraser's,38
3314,female,mam,24
3315,female,quarter,85
3316,female,sleeping,95
3317,female,making,220
3318,female,dancing,51
3319,female,fork,340
3320,female,walked,45
3321,female,question,27
3322,female,candy,46
3323,female,climbed,51
3324,female,watching,34
3325,female,Laura,1350
3326,female,shoe,79
3327,female,wings,31
3328,female,dark,64
3329,female,whose,163
3330,female,tools,129
3331,female,piggies,22
3332,female,colors,62
3333,female,kinds,74
3334,female,dust,26
3335,female,garage,39
3336,female,screw,179
3337,female,his,1085
3338,female,cap,24
3339,female,trip,45
3340,female,spanking,66
3341,female,creamer,33
3342,female,teaches,27
3343,female,butter,183
3344,female,Melissa,74
3345,female,Quik,43
3346,female,flakes,24
3347,female,write,171
3348,female,fallen,47
3349,female,living,43
3350,female,since,48
3351,female,style,71
3352,female,shut,34
3353,female,piggy,27
3354,female,smurfs,96
3355,female,climb,167
3356,female,motor,91
3357,female,Puddy,220
3358,female,roar,21
3359,female,one,3445
3360,female,horsie's,40
3361,female,crush,34
3362,female,washed,57
3363,female,boo_boo,21
3364,female,wet,129
3365,female,I've,245
3366,female,mad,73
3367,female,fifty,51
3368,female,pin,29
3369,female,on,6832
3370,female,love,125
3371,female,grave,21
3372,female,planning,52
3373,female,trick,46
3374,female,Sis,296
3375,female,swimming,86
3376,female,hat,269
3377,female,bless,42
3378,female,hands,249
3379,female,airplane,26
3380,female,look_it,34
3381,female,teenagers,67
3382,female,doggie,132
3383,female,minute,218
3384,female,alone,66
3385,female,Africa,30
3386,female,Joanna,32
3387,female,pishy_place,25
3388,female,Adam,28
3389,female,could've,37
3390,female,tongue,78
3391,female,Little_Miss_Muffet,26
3392,female,tunnel,43
3393,female,luck,22
3394,female,Hush_Hush,27
3395,female,forget,80
3396,female,easier,33
3397,female,touch,121
3398,female,piggie,103
3399,female,playroom,37
3400,female,coffee,703
3401,female,how,3078
3402,female,parts,20
3403,female,Daddy's,322
3404,female,grocerys,88
3405,female,reflection,23
3406,female,tie,122
3407,female,hard,290
3408,female,cloth,20
3409,female,pet,31
3410,female,by,462
3411,female,curtain,29
3412,female,ten,534
3413,female,great,83
3414,female,key,30
3415,female,tunafish,49
3416,female,later,185
3417,female,finally,48
3418,female,stop,249
3419,female,real,289
3420,female,hafta,1244
3421,female,limit,24
3422,female,Snoopy,79
3423,female,uppity,35
3424,female,told,154
3425,female,dad,39
3426,female,leave,245
3427,female,helpers,29
3428,female,our,325
3429,female,calling,31
3430,female,dropped,119
3431,female,whale,32
3432,female,zipper,59
3433,female,myself,50
3434,female,red,488
3435,female,stayed,80
3436,female,rocks,56
3437,female,ashtray,30
3438,female,fell,260
3439,female,color,305
3440,female,everybody's,25
3441,female,wanna,2410
3442,female,bib,46
3443,female,interesting,47
3444,female,gee,66
3445,female,teach,32
3446,female,nut,94
3447,female,grows,40
3448,female,getting,482
3449,female,starts,20
3450,female,lives,49
3451,female,stomach,48
3452,female,bossy,27
3453,female,well,3204
3454,female,open,355
3455,female,plugs,22
3456,female,kitchen,81
3457,female,bug,78
3458,female,mice,40
3459,female,before,384
3460,female,salad,120
3461,female,whoop,36
3462,female,Daddy,789
3463,female,money,578
3464,female,wake,115
3465,female,everything,211
3466,female,hasn't,44
3467,female,magnets,56
3468,female,dishwasher,24
3469,female,pillow,110
3470,female,cleaning,35
3471,female,magic,48
3472,female,?,57986
3473,female,drive,165
3474,female,quickly,25
3475,female,tomorrow,189
3476,female,wrench,99
3477,female,cereal,207
3478,female,happy_birthday,38
3479,female,pocket,30
3480,female,unscrew,64
3481,female,exercise,39
3482,female,trash,34
3483,female,when,1687
3484,female,will,749
3485,female,box,379
3486,female,Chatty_Baby,38
3487,female,r,49
3488,female,basement,20
3489,female,Goldie,38
3490,female,hadta,35
3491,female,pizza,34
3492,female,work,318
3493,female,lose,107
3494,female,listens,27
3495,female,usually,42
3496,female,kittens,22
3497,female,about,1793
3498,female,my_goodness,48
3499,female,believe,57
3500,female,Micky,35
3501,female,someplace,42
3502,female,buying,62
3503,female,brushing,41
3504,female,job,221
3505,female,goose's,27
3506,female,cleaned,32
3507,female,dirt,41
3508,female,early,71
3509,female,dog's,67
3510,female,zzz,21
3511,female,pupils,25
3512,female,especially,38
3513,female,grabbed,23
3514,female,paper,254
3515,female,started,65
3516,female,blowing,46
3517,female,Freddie,31
3518,female,groceries,45
3519,female,Saturday,38
3520,female,ball,220
3521,female,fast,42
3522,female,makebelieve,35
3523,female,with,3146
3524,female,slides,23
3525,female,knew,49
3526,female,Joe,102
3527,female,sure,635
3528,female,voice,93
3529,female,strawberries,43
3530,female,birthday,202
3531,female,nicely,30
3532,female,girl's,28
3533,female,yeh,335
3534,female,rhino,23
3535,female,library,46
3536,female,Mom,111
3537,female,worried,55
3538,female,fix,106
3539,female,Friday,158
3540,female,Pluto,22
3541,female,three,520
3542,female,person,48
3543,female,holes,26
3544,female,Crispies,44
3545,female,want,3245
3546,female,goopy,33
3547,female,she's,979
3548,female,rivet,27
3549,female,stool,31
3550,female,more,1729
3551,female,liked,24
3552,female,quick,22
3553,female,carrot,48
3554,female,asked,112
3555,female,sandwiches,20
3556,female,tennis,64
3557,female,hooray,39
3558,female,mommy's,23
3559,female,damn,42
3560,female,bump,37
3561,female,woof,40
3562,female,couch,69
3563,female,grow,88
3564,female,letters,133
3565,female,state,38
3566,female,nurse,26
3567,female,Wizard,36
3568,female,Owww,20
3569,female,while,641
3570,female,Red_Rover,52
3571,female,exercycle,23
3572,female,nice,763
3573,female,tooth,121
3574,female,muddy,22
3575,female,Peter,122
3576,female,puzzles,30
3577,female,dessert,48
3578,female,buttons,34
3579,female,far,60
3580,female,ain't,116
3581,female,Baby,35
3582,female,sewer,20
3583,female,rhinoceros,23
3584,female,month,145
3585,female,Nestle's,23
3586,female,tightening,32
3587,female,where'd,125
3588,female,sat,26
3589,female,holding,96
3590,female,Kwww,48
3591,female,nein,28
3592,female,place,187
3593,female,pictures,33
3594,female,l,31
3595,female,cow,170
3596,female,louder,24
3597,female,yesterday,206
3598,female,heard,70
3599,female,bone,65
3600,female,wood,38
3601,female,pushing,37
3602,female,out_of,417
3603,female,push,281
3604,female,teacher's,45
3605,female,giraffe,37
3606,female,classroom,34
3607,female,spells,28
3608,female,bridge,41
3609,female,bumper,109
3610,female,each,52
3611,female,tsk,65
3612,female,silly,77
3613,female,clip,40
3614,female,list,164
3615,female,tomorrow's,50
3616,female,Nana,69
3617,female,strong,24
3618,female,bicycle,48
3619,female,spoonfuls,33
3620,female,else,968
3621,female,never,195
3622,female,pupil,20
3623,female,slid,41
3624,female,us,263
3625,female,Chooklee,27
3626,female,Jennifer,153
3627,female,wall,26
3628,female,frog,47
3629,female,Swww,486
3630,female,alright,1315
3631,female,of,4827
3632,female,check,72
3633,female,needta,106
3634,female,Mommy,477
3635,female,backin,28
3636,female,George_Washington's,55
3637,female,right,3739
3638,female,near,87
3639,female,salt,100
3640,female,part,142
3641,female,two,1097
3642,female,as,449
3643,female,loud,33
3644,female,worth,35
3645,female,weren't,69
3646,female,guess,285
3647,female,eight,182
3648,female,billygoats,22
3649,female,knock,40
3650,female,slowly,26
3651,female,map,53
3652,female,happened,651
3653,female,students,32
3654,female,peanut,21
3655,female,cookie,167
3656,female,funny,356
3657,female,now,2824
3658,female,coming,366
3659,female,rake,22
3660,female,Izzy,31
3661,female,sometime,20
3662,female,bell,41
3663,female,caught,86
3664,female,spot,42
3665,female,chair,382
3666,female,beginning,24
3667,female,chewing,32
3668,female,were,944
3669,female,stuck,65
3670,female,glass,52
3671,female,cost,21
3672,female,ear,124
3673,female,apples,47
3674,female,Bluey,22
3675,female,children,61
3676,female,weekend,26
3677,female,sweetie,50
3678,female,afternoons,57
3679,female,radio,31
3680,female,such,41
3681,female,Policeman,44
3682,female,study,41
3683,female,an,773
3684,female,using,88
3685,female,kit,72
3686,female,recipe,52
3687,female,fact,22
3688,female,how's,202
3689,female,party,317
3690,female,here's,587
3691,female,along,135
3692,female,home,576
3693,female,animals,21
3694,female,count,260
3695,female,sitting,245
3696,female,cars,138
3697,female,apart,189
3698,female,Mwww,99
3699,female,pay,182
3700,female,Emma,21
3701,female,put,3553
3702,female,Doctor_Rwww,49
3703,female,black,110
3704,female,thumb,26
3705,female,top,329
3706,female,electricity,36
3707,female,stove,89
3708,female,dance,56
3709,female,serve,32
3710,female,neighborhood,31
3711,female,dig,71
3712,female,hug,112
3713,female,wheel,177
3714,female,farmer,29
3715,female,mouse,237
3716,female,and,10604
3717,female,kangaroo,38
3718,female,Papa,113
3719,female,shh,28
3720,female,matches,24
3721,female,tell,1260
3722,female,sick,96
3723,female,dead,29
3724,female,low,45
3725,female,pile,31
3726,female,if,1903
3727,female,ghost,44
3728,female,recording,40
3729,female,pink,43
3730,female,what'd,186
3731,female,what're,267
3732,female,do,8219
3733,female,coat,37
3734,female,dangerous,44
3735,female,bumpy,22
3736,female,w,23
3737,female,circus,47
3738,female,y,114
3739,female,wind,32
3740,female,wearing,34
3741,female,Beanice,33
3742,female,short,74
3743,female,anyway,126
3744,female,pussycat,49
3745,female,same,275
3746,female,space,36
3747,female,chew,142
3748,female,actually,123
3749,female,customer,26
3750,female,give,1129
3751,female,falls,142
3752,female,knows,48
3753,female,somebody,148
3754,female,full,81
3755,female,beard,42
3756,female,mind,98
3757,female,father,48
3758,female,flower,161
3759,female,thanks,34
3760,female,Metrecal,26
3761,female,having,254
3762,female,string,63
3763,female,socks,44
3764,female,nobody,93
3765,female,its,127
3766,female,teenager,33
3767,female,he'd,20
3768,female,sides,43
3769,female,I'd,140
3770,female,yourself,279
3771,female,does,1541
3772,female,running,151
3773,female,Mr,104
3774,female,der,34
3775,female,once,137
3776,female,taking,219
3777,female,junk,37
3778,female,dollars,304
3779,female,unless,31
3780,female,those,1050
3781,female,Joey,71
3782,female,spread,25
3783,female,beef,22
3784,female,worry,93
3785,female,sits,26
3786,female,where're,39
3787,female,whispering,26
3788,female,balloon,76
3789,female,Humpty_Dumpty,29
3790,female,let,743
3791,female,driver's,29
3792,female,Ewww,28
3793,female,stuff,327
3794,female,crib,237
3795,female,Joanna's,37
3796,female,Oregon,24
3797,female,cake,280
3798,female,hall,33
3799,female,mustard,75
3800,female,tiny,29
3801,female,lot,169
3802,female,knives,34
3803,female,oatmeal,30
3804,female,play,1221
3805,female,bacon,39
3806,female,agreed,21
3807,female,come,2613
3808,female,bread,354
3809,female,dot,46
3810,female,Eve,595
3811,female,Dumbo,80
3812,female,hiding,48
3813,female,anybody,149
3814,female,messy,22
3815,female,spell,44
3816,female,hi,454
3817,female,mine,163
3818,female,broke,159
3819,female,cry,60
3820,female,stock,29
3821,female,Sarah,372
3822,female,Rudolph,23
3823,female,quiet,54
3824,female,whatever,53
3825,female,least,28
3826,female,rest,216
3827,female,",",9246
3828,female,all,2744
3829,female,cat,1261
3830,female,really,445
3831,female,stuffing,57
3832,female,thirty,181
3833,female,Grandma,39
3834,female,again,739
3835,female,him,1070
3836,female,reindeer,44
3837,female,car,734
3838,female,Pwww,26
3839,female,skin,31
3840,female,i,89
3841,female,why'd,22
3842,female,yeah,4251
3843,female,bigger,165
3844,female,city,58
3845,female,July,20
3846,female,besides,32
3847,female,bird,125
3848,female,word,107
3849,female,snack,30
3850,female,class,29
3851,female,elephant,74
3852,female,board,82
3853,female,quite,35
3854,female,Tequila,57
3855,female,Luther,42
3856,female,inside,130
3857,female,battery,51
3858,female,follow,55
3859,female,being,114
3860,female,n,96
3861,female,just,1928
3862,female,sink,47
3863,female,birds,141
3864,female,Dad,61
3865,female,lemon,44
3866,female,it'll,117
3867,female,daughter,67
3868,female,you'd,214
3869,female,clearly,23
3870,female,book,703
3871,female,till,99
3872,female,thank_you,385
3873,female,mixed,45
3874,female,finger,108
3875,female,clothes,192
3876,female,singing,74
3877,female,could,1178
3878,female,jobs,73
3879,female,pancake,50
3880,female,pad,35
3881,female,anyways,24
3882,female,pretty,543
3883,female,scratch,77
3884,female,baby's,94
3885,female,colored,22
3886,female,worms,38
3887,female,staying,22
3888,female,beautiful,55
3889,female,burp,90
3890,female,make,950
3891,female,horses,20
3892,female,whole,217
3893,female,guys,46
3894,female,stroller,42
3895,female,cover,86
3896,female,plus,47
3897,female,imagine,38
3898,female,afternoon,69
3899,female,vacation,109
3900,female,hurt,322
3901,female,kindergarten,98
3902,female,whistle,51
3903,female,pitcher,33
3904,female,electromagnet,40
3905,female,both,183
3906,female,rope,24
3907,female,peas,32
3908,female,spider,69
3909,female,pennys,90
3910,female,paddle,26
3911,female,mechanic,34
3912,female,pishy,22
3913,female,fun,124
3914,female,bout,23
3915,female,Martin,37
3916,female,thinking,71
3917,female,meeting,24
3918,female,Julia,75
3919,female,her,1922
